{"vus":100,"p50_ms":0,"p95_ms":59996,"p99_ms":0,"failed_rate":0.19424460431654678,"errors_5xx_rate":0.12560386473429952,"rps":3.7}