{"vus":82,"p50_ms":0,"p95_ms":3848,"p99_ms":0,"failed_rate":0.5550545799715235,"errors_5xx_rate":0.5554500118736642,"rps":48.7}