{"vus":85,"p50_ms":0,"p95_ms":3536,"p99_ms":0,"failed_rate":0.007306889352818371,"errors_5xx_rate":0.0073145245559038665,"rps":31.7}