{"vus":90,"p50_ms":0,"p95_ms":59252,"p99_ms":0,"failed_rate":0.11619718309859155,"errors_5xx_rate":0.0920353982300885,"rps":6.3}